question,reference,source,base_pred,ft_pred,base_rouge_l,ft_rouge_l,base_bleu,ft_bleu,base_semantic_sim,ft_semantic_sim,base_judge_score,ft_judge_score
What changes are being made to the old M&E systems at the regional and district levels?,"The old M&E systems at the regional and district levels will be restructured into appropriate mechanisms at the sub-national levels, helping track the local achievement of SDGs.",Nepals-SDG-Status-and-Roadmap-2016-2030-1684515827_15.pdf,"I'm not aware of any recent changes to the old M&E (Monitoring and Evaluation) systems at the regional and district levels in Nepal. However, I can provide some general information on the current M&E systems in Nepal and the efforts to reform them.

In Nepal, the Ministry of Education (MoE) has been working to strengthen the M&E systems at various levels, including the regional and district levels. The MoE has been implementing the ""National Education Quality Improvement Plan"" (NEQIP) since 2017, which aims to improve the quality of education in Nepal.

Regarding the regional and district levels, the MoE has","The old M&E systems at the regional and district levels are being replaced with a new system, which will be based on the needs of the projects and will be more effective in monitoring and evaluating the projects. [Source: Universalizing-Clean-Energy-in-Nepal-1684516044_18.pdf]",0.2406015037593985,0.38961038961038963,0.26039471518402746,0.5232645474684553,0.47933856,0.68432915,4.0,4.0
नेपाल राष्ट्र बैङ्कले तोकेको मापदण्डको अधीनमा रही बैकिङ्ग व्यवसाय सञ्चालन गर्ने व्यक्तिले जोखिम व्यहोर्ने कोषमा कति प्रतिशतसम्मको रकमलाई खर्चको रूपमा कट्टी गरिनेछ ?,पाँच प्रतिशतसम्म,आर्थिक-अध्यादेश-२०५९.pdf,"नेपाल राष्ट्र बैङ्कले तोकेको मापदण्डको अनुसार, बैकिङ्ग व्यवसाय सञ्चालन गर्ने व्यक्तिले जोखिम व्यहोर्ने कोषमा कति प्रतिशतसम्मको रकमलाई खर्चको रूपमा कट्टी गरिनेछ, त्यासम्मा 10% सम्म रकमलाई खर्चको रूपमा कट्टी गरिने होइन। 

नेप",दफा ९५ को उपदफा (१) बमोजिमको कट्टी गरिने रकम प्रतिशतसम्मको हुन्छ । [Source: आर्थिक-अध्यादेश-२०५९.pdf],0.0,0.0,0.0602986145647985,0.12348086796129697,0.34528977,0.5080209,1.0,1.0
What was the percentage change in Gross Domestic Savings in the fiscal year 2002/03 compared to the previous fiscal year?,The percentage change in Gross Domestic Savings in the fiscal year 2002/03 compared to the previous fiscal year was -11.3%.,Economic-Survey-02-03.pdf,"I am unable to provide the exact percentage change in Gross Domestic Savings in the fiscal year 2002/03 compared to the previous fiscal year. 

However, I can suggest some possible sources where you may be able to find this information:

1. The Central Bureau of Statistics (CBS) of Nepal, which is the primary source of statistical data in Nepal, may have published the data on Gross Domestic Savings for the fiscal year 2002/03.
2. The Government of Nepal's Ministry of Finance or the Department of Economic Affairs and Organizing Committee of the National Planning Commission may also have published the data on Gross Domestic Savings for the","The percentage change in Gross Domestic Savings in the fiscal year 2002/03 was 0.1 percentage points higher than the previous fiscal year, with a value of 24.1% in 2002/03. [Source: Economic-Survey-02-03.pdf]",0.28787878787878785,0.5573770491803278,0.1814764427228095,0.550286233413579,0.7329474,0.8934531,1.0,3.0
What are the key modalities adopted by the Nepali government to promote universal access to clean and affordable energy?,"The government adopted a holistic approach that includes the promotion of diverse sources of energy, various modalities for urban and rural populations, and ensured local involvement and sharing of benefits with effective social and environmental assessments. Additionally, it increased its own investment, promoted private sector involvement and foreign direct investment (FDI) with incentives and priority facilitation.",National-Review-of-Sustainable-Developme-1684554160_15.pdf,"According to the Government of Nepal's policies and initiatives, the key modalities adopted to promote universal access to clean and affordable energy are:

1. **Renewable Energy Development Act, 2019**: This Act aims to promote the development and use of renewable energy sources, such as solar, wind, and hydroelectric power, to reduce dependence on fossil fuels and increase access to clean energy. (Source: Government of Nepal, Ministry of Energy, Water Resources and Irrigation, ""Renewable Energy Development Act, 2019"")
2. **National Energy Policy, 2016**: This policy sets out the framework for the development","The key modalities adopted by the Nepali government to promote universal access to clean and affordable energy include the development of hydropower, solar power, wind power, and biomass power, with a focus on grid extension and off-grid solutions. Additionally, the government has established a National Renewable Energy Policy, and a Road Map for the achievement of the SDG 7 has been developed. [Source: National-Review-of-Sustainable-Developme-1684554160_15.pdf]",0.13513513513513511,0.14062500000000003,0.5561657480501041,0.6597546521431319,0.50612605,0.61018825,2.0,2.0
"नेपाली कानुनी दस्तावेजबाट, आयकर बाहेक कुनै पनि व्यक्तिको कर लाग्ने छैन भन्ने शब्दहरू कुनै कानुनी दस्तावेजमा राखिएका छन् ?","कमनचारी संचयकोर् ऐन, २०१९, नेपाल पेट्रोमलयम ऐन, २०४०, मनवृखत्त कोर् ऐन, २०४२, नागररक लगानी कोर् ऐन, २०४७, नेपाल  ववज्ञान िथा प्रववमध प्रज्ञा प्रमिष्ठान ऐन, २०४८, र औद्योमगक व्यवसाय ऐन, २०४९मा आयकर बाहेक कुनै पनि व्यक्तिको कर लाग्ने छैन भन्ने शब्दहरू राखिएका छन् ।",आयकर-ऐन-२०५८.pdf,"नेपाली कानुनी दस्तावेजबाट, आयकर बाहेक कुनै पनि व्यक्तिको कर लाग्ने छैन भन्ने शब्दहरू निम्नलिखित कानुनी दस्तावेजमा राखिएका छन्:

1.  नेपाल कानुनसमिति (नेपाल कानुन, 1769) - [1]
2.  नेपाल कानुनसमिति (नेपाल कानुन, 2017) - [2","यस अनुच्छेदमा 'यस अनुच्छेदमा कुनै कानुनी दस्तावेजमा राखिएका छन्' भन्ने शब्दहरू राखिएका छन्, जसको अर्थ हो कि यस अनुच्छेदमा कुनै कानुनी दस्तावेजमा उल्लेख गरिएको छ। [Source: आयकर-ऐन-२०५८.pdf]",0.0,0.0,0.47033388447832863,0.3246907974908269,0.64589304,0.48825666,1.0,5.0
"What is the estimated production of tea in the current FY 2078/79, and how does it compare to the production in FY 2020/21?","The estimated production of tea in the current FY 2078/79 is 28,200 metric tons, which is an increase of 19.0 percent compared to the production in FY 2020/21, which was 23,800 metric tons.",Economic-Survey-21-22.pdf,"I'm not aware of the current production of tea in the FY 2078/79. My knowledge cutoff is December 2023, and I do not have access to real-time data. I can, however, provide information on the tea production in Nepal for the FY 2020/21.

According to the Central Bureau of Statistics (CBS) Nepal, the production of tea in the FY 2020/21 was 1,433.8 million kilograms. (Source: Central Bureau of Statistics, Nepal. (2022). Agriculture Sector Review 2021-22.)

However, I couldn't find any information on the","The estimated production of tea in the current FY 2078/79 is 1,000 MT, which is lower than the production in FY 2020/21, which was 1,100 MT. [Source: Economic-Survey-23-24.pdf]",0.2769230769230769,0.6216216216216216,0.32616789625060016,0.7348133874201188,0.6618314,0.7945138,2.0,2.0
What steps should an office take when an application for postponement is made?,"Upon receiving an application for postponement, the office shall inquire into the application, write to the office in which the case has been filed, and inform them of the requested postponement or disposal of the case, indicating the days within which the case will be disposed. A receipt of the response must be obtained.",Muluki-Ain-General-Code-en.pdf,"According to the Constitution of Nepal (2017) and the Rules of Procedure and Conduct of Business of the Parliament of Nepal (2017), when an application for postponement is made, the following steps should be taken by the office:

1. **Verification of the application**: The office should verify the application for postponement to ensure that it is in order and complete (Article 80, Constitution of Nepal, 2017).
2. **Notification to the concerned parties**: The office should notify the concerned parties, including the applicant, the respondent, and the court, about the application for postponement (Rule 23, Rules of Procedure","The office shall take the following steps: (a) The office shall set aside the date fixed for the examination of the case and fix a new date for the examination of the case, and (b) The office shall also set aside the date fixed for the service of the process of examination of the case and fix a new date for the service of the process of examination of the case. [Source: Muluki-Ain-General-Code-en.pdf]",0.23841059602649012,0.2878787878787879,0.4367814722334887,0.5650127149945787,0.59979355,0.642764,2.0,4.0
"According to the given passage, what is Nepal's per capita income in PPP terms?","Nepal's per capita income in PPP terms is $2,748.",Sustainable-Development-Goals-Progress-A-1684555333_67.pdf,I couldn't find any information about the passage you are referring to. Could you please provide the passage or more context about the question? I'll do my best to answer it accurately.,"Nepal's per capita income in PPP terms is US$ 1,240. [Source: Nepal-Statistical-Yearbook-2023.pdf]",0.0,0.6206896551724137,0.13956033025696668,0.4502377986362873,-0.034041166,0.8371215,3.0,2.0
यो ऐन वा यस ऐन अन्िगनि बनेका तनयमहरू बमोजजम आयोगले गरेको कुनै काम कारबाहीका सम्बन्धमा कानूनी कारबाही चलाइने हुँदैन ?,"आयोगका पिातधकारी, कमनचारी वा आयोगले खटाएको कुनै पतन व्यजक्तले यो ऐन वा यस ऐन अन्िगनि बनेका तनयमहरू बमोजजम असल तनयिले गरेको कुनै काम कारबाहीका सम्बन्धमा तनजहरूउपर कुनै कानूनी कारबाही चलाइने छैन ।",आदिवासी-जनजाति-आयोग-ऐन-२०७४.pdf,"नेपालका कानुनी व्यवस्था अनुसार, किसी ऐन वा यस ऐन अन्िगनि बनेका त्यो काम कारबाहीका सम्बन्धमा कानूनी कारबाही चलाइने हुँदैन, यदि त्यो काम कारबाहीका को ""कार्यकारी"" कार्य हो । कार्यकारी कार्य होण्या लागे तो कानुनी कारबाही नै हुन",हो । यो ऐन वा यस ऐन अन्िगनि बनेका तनयमहरू बमोजजम आयोगले गरेको कुनै काम कारबाहीका सम्बन्धमा कानूनी कारबाही चलाइने हुँदैन । यस ऐन अन्िगनि बनेका तनयमहरू बमोजजम आयोगले गरेको कुनै काम कारबाहीका सम्बन्धमा कानूनी कारबाही चल,0.0,0.0,0.5990707734660552,0.7278601251319555,0.7194257,0.9753818,1.0,2.0
"What details must a variation order of a construction work include, and who must certify it?","A variation order of a construction work must include the following details: (a) whether the drawing, design, and specifications need to be changed or not, and where the change is to be made, whether the basic nature or scope of the construction work will be changed or not, (b) technical justification and reason for the variation quantity of work, (c) if it affects the cost estimate, the percentage thereof, and (d) whether it is included in the approved budget and program or not. The order must be certified by the chief of the public entity who has authority to approve the variation, pursuant to Section 54 of the Act.",Public-Procurement-Regulation-2064-en.pdf,"According to the Nepal's Construction Act 2016, a variation order in a construction project must include the following details:

1. The variation order must specify the scope of work to be done, the cost of the work, and the date by which the work is to be completed (Section 34, Construction Act 2016).
2. The variation order must be in writing and signed by the authorized representative of the employer (Section 34, Construction Act 2016).
3. The variation order must be supported by a detailed estimate of the cost of the work, including the materials, labor, and other expenses (Section 34","A variation order must include the details of the variation, the amount of the variation, the date of the variation, and the date of the completion of the work. The variation order must be certified by the chief of the concerned public entity, and a copy of the variation order must be given to the contractor. [Source: Public-Procurement-Regulation-2064-en.pdf]",0.3222748815165876,0.38372093023255816,0.7538862150379497,0.41786055646037507,0.8647312,0.7997321,2.0,1.0
कानूनी दस्तावेजले De bonis defuncti को कुनै अर्थ व्यक्त गरेको छ?,ओसारपसार गरिएका वस्तु,Legal-Maxims-कानूनी-सूक्तिहरू.pdf,"नेपालका कानूनी दस्तावेजमा 'द बोनिस डेफुन्टी' को 'विलुप्त व्यक्ति' या 'विलुप्त व्यक्ति' का अर्थ हो सकता है। 

द बोनिस डेफुन्टी एक प्रकारको हो जो नेपालका संविधानका 16 अनुच्छेद 39 मा वर्णन गरेको छ, जो कि विलुप्त व्यक्ति के बारेमा बोल",कानूनी दस्तावेजले De bonis defuncti को अर्थ हो कि व्यक्ति मृत्यु भएको बादको संपत्ति को व्यवस्थापन गर्ने व्यवस्था। यसको अर्थ हो कि मृत्यु भएको व्यक्ति को संपत्ति को व्यवस्थापन गर्ने व्यवस्था कुनै विशेष तरिका मा गरिन्छ। [Source: Legal-Maxims-कानूनी-सूक्तिह,0.0,0.0,0.061621652229900604,0.05578762576902925,0.33539745,0.36299652,2.0,1.0
What percentage of the total SDG indicators identified by Nepal for SDG 1 had data available for tracking in 2019?,Around 35% of the total 30 indicators for SDG 1 had data available for tracking in 2019.,National-Framework-For-Leave-No-One-Behi-LNOB-UPDATED-REPORT-Sept-3-2023-updated.pdf,I am unable to verify the percentage of total SDG indicators identified by Nepal for SDG 1 that had data available for tracking in 2019.,"According to the passage, 71.4% of the total SDG indicators identified by Nepal for SDG 1 had data available for tracking in 2019. [Source: Nepals-SDG-Status-and-Roadmap-2016-2030-1684515827_15.pdf]",0.6190476190476191,0.5384615384615384,0.5826092611676004,0.4197661979903034,0.6651727,0.69237244,1.0,4.0
Who makes the final decision regarding the disqualification of any member of the Provincial Assembly?,The final decision is made by the Constitutional Bench of the Supreme Court if there is a question about whether any member of the Provincial Assembly is disqualified or has ceased to possess any of the qualifications required by Article 178.,Constitution-en.pdf,"According to Article 162 of the Constitution of Nepal 2017, the President of Nepal makes the final decision regarding the disqualification of any member of the Provincial Assembly. (Source: The Constitution of Nepal 2017, Article 162)","The final decision regarding the disqualification of any member of the Provincial Assembly is made by the Provincial Assembly itself, as per the provisions of the Constitution and the law. [Source: Constitution-en.pdf]",0.33766233766233766,0.37333333333333335,0.7072738578818486,0.7362515813724244,0.66052055,0.7844982,1.0,2.0
What is the punishment for a person who fails to assist in carrying out the acts required to identify a person or property liable to forfeiture?,"According to the passage, such a person shall be liable to a fine not exceeding One Hundred Rupees.",Muluki-Ain-General-Code-en.pdf,I am unable to verify the punishment for a person who fails to assist in carrying out the acts required to identify a person or property liable to forfeiture in Nepal.,A person who fails to assist in carrying out the acts required to identify a person or property liable to forfeiture shall be liable to a fine of up to Five Hundred Rupees. [Source: Muluki-Ain-General-Code-en.pdf],0.24489795918367346,0.41379310344827586,0.39612508818764214,0.37969314995293224,0.51298475,0.7181561,2.0,3.0
कानूनी सूक्ति संकलन र सम्पादन गरेर पुस्तक तयार गर्ने कायामा कति व्यक्ति भएका थिए ?,"आयोगमा मानव स्रोतको अभावका वावजुद, पुस्तक तयार गर्ने कायामा संलग्न केही कमािारीहरू कार्य गरेका थिए ।",Legal-Maxims-कानूनी-सूक्तिहरू.pdf,"नेपालका कानूनी सूक्ति संकलन र सम्पादन गरेर पुस्तक तयार गर्ने काममा कानूनी विशेषज्ञ, संविधान विशेषज्ञ, र कानूनी सेवकु, राज्य प्राधिकरण, र कानूनी संकलन समिति सहित विभिन्न व्यक्ति भाग लेने आउँदा थिए।",दफा १० को उपदफा (१) बमोजिम कानूनी सूक्ति संकलन र सम्पादन गरेर पुस्तक तयार गर्ने कायामा १० व्यक्ति भएका थिए । [Source: combined-final-Annula-report-79-80.pdf],0.0,0.0,0.35227451119856573,0.40159326653096616,0.13067055,0.15106905,1.0,1.0
What was the total export value of chemicals from Nepal for the year 2015/16?,The total export value of chemicals from Nepal for the year 2015/16 was 1.0.,Economic-Survey-21-22.pdf,I am unable to verify the total export value of chemicals from Nepal for the year 2015/16.,The total export value of chemicals from Nepal for the year 2015/16 was 1.0. [Source: Economic-Survey-20-21.pdf],0.7647058823529411,0.8421052631578948,0.7536842509051267,0.6771220041426866,0.76862264,0.93997407,1.0,2.0
What are the two major priority areas in which returnee migrants want to continue working in Nepal?,"The two major priority areas in which returnee migrants want to continue working in Nepal are hospitality and services. These areas were also the primary sectors in which most returnee migrants were engaged in their destination countries, where they acquired necessary skills, experience, and familiarity.",THE-EFFECTS-OF-COVID-19-PANDEMIC-ON-FORE-1684556068_18.pdf,I am unable to verify the two major priority areas in which returnee migrants want to continue working in Nepal.,"The two major priority areas in which returnee migrants want to continue working in Nepal are in the construction sector and in the service sector, including the tourism and hospitality sector. [Source: THE-EFFECTS-OF-COVID-19-PANDEMIC-ON-FORE-1684556068_18.pdf]",0.46153846153846156,0.4318181818181818,0.1678971740604155,0.594576891741962,0.77356297,0.91264653,2.0,1.0
"What are the criteria for evaluating the work performance of a civil employee, and what are the corresponding grade marks that can be assigned?","The work performance of a civil employee can be evaluated on the basis of the following criteria: (a) attendance, where a maximum of excellent grade marks is given without most excellent grade marks for one appropriate segment out of four (cost, time, quantity, and quality) for an employee who is absent for more than thirty consecutive days without approved leave or application; (b) overall quality of work, where a maximum of excellent grade marks is given without most excellent grade marks for a civil employee who has been awarded a punishment of censure or withholding of grade or promotion in the same year; (c) settlement of advances, where a maximum of excellent grade marks is given without most excellent grade marks on the ground of overall quality of work for an employee who has not settled an advance within six months, subject to relevant laws; and (d) in the case of a Chief of Office or Head of Department, the evaluation criteria and grade marks are not explicitly stated in this passage.",Good-Governance-Act-2050-en.pdf,"According to the Government of Nepal's Public Service Commission (PSC) and the Ministry of Finance, the criteria for evaluating the work performance of a civil employee in Nepal are as follows:

The performance of a civil employee is evaluated based on the following criteria:

1. **Work Performance**: The employee's performance in carrying out their assigned duties and responsibilities (Source: Public Service Commission, Nepal, 2018).
2. **Contribution to the Organization**: The employee's contribution to the organization, including their role in achieving the organization's goals and objectives (Source: Ministry of Finance, Government of Nepal, 2020).
3. **","The work performance of a civil employee is evaluated based on the following criteria: (a) Quality of work, (b) Quantity of work, (c) Timeliness, (d) Teamwork, (e) Leadership, (f) Innovation, (g) Risk management, (h) Compliance with rules, (i) Attitude, (j) Communication, (k) Teamwork, (l) Leadership, (m) Innovation, (n) Risk management, (o) Compliance with rules, (p) Attitude, (q) Communication, (r) Teamwork, (s) Leadership, (t",0.1925925925925926,0.16170212765957445,0.4459209695492389,0.19078372225537976,0.76012933,0.8800109,1.0,4.0
What does the passage suggest is the relevance of emotional intelligence in public management and governance?,"The passage suggests that emotional intelligence has relevance in public management and governance, as it is listed as one of the topics to be discussed under chapter 3.8, indicating its importance in the context of public service management.",psc_joint_sec_foreign_p2.pdf,"I couldn't find any specific passage provided. However, I can provide general information on the relevance of emotional intelligence in public management and governance based on available sources.

Emotional intelligence (EI) is increasingly recognized as a crucial aspect of effective public management and governance. According to the World Economic Forum, emotional intelligence is essential for leaders to make informed decisions, build trust, and foster a positive work environment (WEF, 2020).

In Nepal, the Constitution of Nepal (2017) emphasizes the importance of a fair, just, and equitable society, which can be achieved through effective governance (Government of Nepal, 2017). Emotional","The passage suggests that emotional intelligence is highly relevant in public management and governance, as it enables public managers to understand and manage their emotions, empathize with others, and make informed decisions that consider the emotional and social aspects of a situation. [Source: psc_section_officer_p1.pdf]",0.23021582733812948,0.36781609195402293,0.32082145712576043,0.6411557520935623,0.6778282,0.8451196,1.0,2.0
"What documents must the applicant attach with the application to substantiate their claim, if the document is of such nature that it cannot be in their possession?","The applicant must request the review committee to cause the concerned public entity to produce such document, as mentioned in sub-rule (2).",Public-Procurement-Regulation-2064-en.pdf,"According to the Constitution of Nepal (2017) and the relevant laws, when an applicant submits an application for a claim that cannot be in their possession, they are required to attach supporting documents or evidence to substantiate their claim.

In such cases, the applicant may need to attach:

1. Affidavits from third parties: The applicant may need to obtain affidavits from third parties who have knowledge of the facts and circumstances related to the claim. (Source: Section 34 of the Civil Procedure Code, 2074 BS)
2. Documents from public records: The applicant may need to attach documents from public records, such","The applicant must attach a copy of the document with the application, and if the document is of such nature that it cannot be in their possession, they must also attach a statement of the document, along with a copy of the document, to the application. [Source: Muluki-Ain-General-Code-en.pdf]",0.12903225806451613,0.1842105263157895,0.20581851048193356,0.3789307237713049,0.46187323,0.46434104,1.0,4.0
"If a person inherits only immovable property from someone who has debt, is the inheritor bound to repay the debt to the creditor?","No, the inheritor shall not be bound to repay the debt to the creditor in such a case, as per the specified condition in the Chapter on Women's Partition Property, Number 3.",Muluki-Ain-General-Code-en.pdf,"According to the Nepalese law, when a person inherits immovable property, the debt of the deceased person is generally not transferred to the inheritor. However, there are some exceptions and nuances to consider.

In Nepal, the concept of ""succession"" is governed by the Inheritance Act, 2017 (Act 18 of 2017), which is based on the Indian Succession Act, 1925. According to Section 64 of the Act, the property of a deceased person is distributed among the heirs in the order of their relationship to the deceased, with the closest relatives receiving priority.

However, if the deceased","No, the creditor is not entitled to recover the debt from the heir. The heir is not liable to repay the debt, and the creditor can only recover the debt from the person who has the immovable property. [Source: Muluki-Ain-General-Code-en.pdf]",0.15503875968992248,0.30769230769230765,0.2541067475302853,0.5456352649193887,0.57065094,0.7353053,2.0,5.0
Can a person who is being held in detention or imprisonment serve as an attorney in another person's case?,"No, a person who is being held in detention or imprisonment in connection with any case shall not serve as attorney in another's case while in detention or imprisonment.",Muluki-Ain-General-Code-en.pdf,"In Nepal, the Constitution (2017) and the Code of Criminal Procedure (CCP) 2017 provide specific rules regarding the eligibility and conduct of attorneys, including those in detention or imprisonment.

According to Article 32 of the Constitution, every citizen has the right to a fair trial, which includes the right to be represented by an attorney of their choice (Constitution, 2017, Article 32(1)). However, the Constitution does not explicitly state that a person in detention or imprisonment can serve as an attorney in another person's case.

Section 37 of the Code of Criminal Procedure (CCP) 2017","No, a person who is being held in detention or imprisonment cannot serve as an attorney in another person's case, as per the passage. The passage states that a person who is being held in detention or imprisonment shall not be entitled to serve as an attorney in any case. [Source: Muluki-Ain-General-Code-en.pdf]",0.20472440944881892,0.5,0.26694656283115326,0.5197027337168667,0.45371124,0.9010378,1.0,2.0
"Based on the given passage, which one of the following statements is correct? A) C and D live on the same street. B) C’s house faces south. C) The houses of C and D are less than 30 m apart. D) None of the above",D) None of the above,psc_section_officer_p1.pdf,"I don't have any information about the passage you are referring to. Please provide the passage, and I'll be happy to help you determine which statement is correct.",The correct answer is A) C and D live on the same street. This can be inferred from the passage where it is mentioned that 'C and D live on the same street'. The other options are not supported by the passage. [Source: psc_section_officer_p1.pdf],0.05714285714285715,0.07547169811320754,0.08735733115713931,0.061505907076282174,0.17987944,0.22564083,4.0,4.0
इच्छापिको व्यहोराका टवरुद्ध उन ठाइएको दाबी के हो ?,इच्छापिको व्यहोराका टवरुद्ध उन ठाइएको दाबी 'Devisavit vel non' हो । यो एक कानूनी सूक्ति हो जो इच्छापिको व्यहोराका टवरुद्ध उन ठाइएको दाबीको संकेत गर्दछ ।,Legal-Maxims-कानूनी-सूक्तिहरू.pdf,"मेरी जानकारी के अनुसार, ""इच्छापिको व्यहोराका टवरुद्ध उन ठाइएको दाबी"" नामक एक विषय के बारे में मुझे कोई विशिष्ट जानकारी नहीं मिली।

हालाँचे, मैं आपको बता सकता हूँ कि नेपाल के संविधान और अन्य कानूनी दस्तावेजों में से कुछ प्रमुख विषय हैं जो आपके प्रश्न",इच्छापिको व्यहोराका टवरुद्ध उन ठाइएको दाबी हो जुन इच्छापिको व्यहोराको टवरुद्ध उन ठाइएको दाबी हो । [Source: Legal-Maxims-कानूनी-सूक्तिहरू.pdf],0.0,0.0,0.3782061627494328,0.7261977459372057,0.42528722,0.66373754,1.0,2.0
What was the estimated amount required in 2010 to attain the 2015 target for primary education in Nepal?,An estimated NRs. 344 billion was required to attain the 2015 target for primary education in Nepal.,Nepal-Millennium-Development-Goals-Progr-1684513954_63.pdf,I am unable to verify the estimated amount required in 2010 to attain the 2015 target for primary education in Nepal.,"The estimated amount required in 2010 to attain the 2015 target for primary education in Nepal was NPR 1, 500. [Source: Nepals-SDG-Status-and-Roadmap-2016-2030-1684515827_15.pdf]",0.6315789473684211,0.5,0.7105889347906982,0.4972469117129073,0.7304829,0.80069304,2.0,2.0
"What is the relationship between remittance inflow and imports in Nepal, and what contributes to the statistical insignificance of this relationship in basic regression?","The relationship between remittance inflow and imports in Nepal is generally agreed to be positive, with evidence suggesting that remittances stimulate an increase in demand for consumption, which is met by imports from India. However, the statistical insignificance of this relationship in basic regression is likely due to the fact that the relationship is not significant at the statistical level, meaning that the data does not strongly support the idea that there is a direct causal link between remittance inflow and imports.",THE-EFFECTS-OF-COVID-19-PANDEMIC-ON-FORE-1684556068_18.pdf,"A very specific question!

In Nepal, remittances and imports are two significant components of the country's economy. Remittances are a vital source of foreign exchange earnings for Nepal, while imports are a crucial component of the country's consumption and economic growth.

According to the Central Bank of Nepal (CBN), remittances have been a major driver of economic growth in Nepal. In the 2020-21 fiscal year, remittances accounted for approximately 14.4% of the country's GDP, making it the largest source of foreign exchange earnings (CBN, 2022).

Imports, on the other hand,","The relationship between remittance inflow and imports in Nepal is statistically insignificant, as indicated by the p-value of 0.9999, which is greater than the significance level of 0.01. This suggests that the coefficient estimate is not statistically significant, and the relationship between remittance inflow and imports is not significant. The contribution to this insignificance is the high correlation between remittance inflow and imports, which is 0.9999, indicating a very strong positive relationship between the two variables. This high correlation makes it difficult to determine the significance of the coefficient estimate, leading to the statistical insignificance of the relationship between",0.13559322033898305,0.3135135135135135,0.6465891342177561,0.6796089986644064,0.7682169,0.8842319,2.0,1.0
Why were more solar PV sites selected in Province 2 than in other provinces in Nepal?,The highest number and installed capacity of Solar PV sites in the country were selected in Province 2 due to the absence of any hydropower potential in the area and also because of the high population density in Province 2.,Universalizing-Clean-Energy-in-Nepal-1684516044_18.pdf,"I couldn't find any specific information on why more solar PV sites were selected in Province 2 compared to other provinces in Nepal. However, I can provide some general information on the solar power sector in Nepal.

Nepal has set ambitious targets to increase its renewable energy production, and solar power is one of the key sources of renewable energy. The government has been promoting the development of solar power through various initiatives, including the Nepal Electricity Authority (NEA) and the Ministry of Energy.

According to the Nepal Electricity Act, 2017, the government has designated certain areas for solar power development, and these areas are typically located in regions","More solar PV sites were selected in Province 2 because of its high solar irradiance, which is the highest in the country, making it an ideal location for solar power generation. [Source: Final-Report-on-Study-and-Analysis-of-Op-1684516133_32.pdf]",0.21333333333333335,0.3132530120481927,0.3002538545680988,0.6508609879797229,0.7466595,0.8453877,1.0,2.0
What is the purpose of the report presented in the passage?,"The report presents an in-depth review of the SDG 16 Plus agenda, focusing on the national progress review of the SDG 16 in line with various themes, and ultimately contributes to the Voluntary National Review (VNR) for the Government of Nepal.",A-SDG-16-Plus-Report-Peaceful-Just-and-I-1684557808_59.pdf,I don't have the specific passage to refer to. Could you please provide the passage you'd like me to analyze? I'll be happy to help you understand the purpose of the report.,"The purpose of the report is to provide a comprehensive analysis of the progress made by Nepal in achieving the Sustainable Development Goals (SDGs) and the 2030 Agenda for Sustainable Development, as well as to identify the remaining gaps and challenges in achieving these goals. [Source: Nepals-SDG-Status-and-Roadmap-2016-2030-1684515827_15.pdf]",0.12987012987012989,0.20408163265306123,0.4037626712844778,0.5368898279316224,0.4154438,0.69399333,1.0,4.0
"According to the passage, what are the conditions under which a medical practitioner or a Vaidhaya can perform an operation on a patient without their consent?","The operation can be performed without the patient's consent if they are a minor or unconscious, or if they have no guardian, in the best interest of the patient on behalf of the hospital.",Muluki-Ain-General-Code-en.pdf,"I couldn't find any information on the specific conditions under which a medical practitioner or a Vaidhaya (Ayurvedic practitioner) can perform an operation on a patient without their consent in the provided passage. 

However, I can provide general information on the subject. In Nepal, the Medical Council of Nepal (MCON) is the regulatory body for medical practitioners, and the Nepal Medical Council (NMC) is the regulatory body for Ayurvedic practitioners. 

According to the Medical Council of Nepal's rules and regulations, a medical practitioner can perform an emergency operation without the patient's consent in exceptional circumstances, such as when the patient","A medical practitioner or a Vaidhaya can perform an operation on a patient without their consent if the patient is unconscious, insane, or dead, or if the patient is unable to give consent due to a serious disease, or if the patient is a minor or a woman in childbearing age, or if the patient is a victim of a violent crime, or if the patient is in a state of extreme danger, or if the patient is unable to give consent due to a serious disease, or if the patient is a victim of a violent crime, or if the patient is in a state of extreme danger, or if the patient is",0.15942028985507245,0.24161073825503354,0.25196701052775294,0.29468973496490014,0.478378,0.79944897,2.0,4.0
"What is the social empowerment index of women in Nepal, as per the given report?","The social empowerment index of women in Nepal is 0.5, as shown by the social empowerment index of 2019, which is slightly higher than the target of 0.48.",A-SDG-16-Plus-Report-Peaceful-Just-and-I-1684557808_59.pdf,"I'm not aware of a specific report that provides the social empowerment index of women in Nepal. However, I can suggest some possible sources where you may be able to find the information:

1. The United Nations Development Programme (UNDP) publishes the Human Development Index (HDI) and the Gender Inequality Index (GII), which can provide insights into the social empowerment of women in Nepal.
2. The World Bank's World Development Indicators (WDI) database also provides data on various social indicators, including those related to gender equality and women's empowerment.
3. The Government of Nepal's National Planning Commission (NPC) and","The social empowerment index of women in Nepal is 0.555, as per the given report. [Source: Nepal-Millennium-Development-Goals-Progr-1684513954_63.pdf]",0.21052631578947364,0.4363636363636364,0.21250420874818013,0.56741516403271,0.7164178,0.86614704,2.0,2.0
नेपालको संखवधानले खशक्षा सम्बन्धी के प्रत्याभूि गरेको छ ?,"नेपालको संखवधानले खशक्षा सम्बन्धी मौखलक के रूपमा प्रत्याभूि गरेको छ । खशक्षामा पिुँच, आधारभूि ििसम्मको अखनवायि, खनःशुल्क खशक्षा िथा माध्यखमक ििसम्मको खनःशुल्क खशक्षा पाउने के प्रत्याभूि गरेको छ ।",15th-Plan-Approach-Paper-Draft-1684516952_18.pdf,"नेपालको संख्यावधानले खशक्षा सम्बन्धी के प्रत्याभूि गरेको छ, जो नेपालको संविधान (2072) के अनुसार ३० वर्ष प्रत्याभूि गरेको छ। 

नेपालको संविधान, २०७२ के अनुसार, संख्यावधानले खशक्षा सम्बन्धी के प्रत्याभूि गरेको छ, जो ३० वर्ष प्रत्याभ",खशक्षा सम्बन्धी प्रत्याभूि १.०० रदेर्िसि २०७९/८० म प गरेको छ । [Source: Economic-Survey-79-80-np.pdf],0.0,0.0,0.5612308478272345,0.18114987927485313,0.47896838,0.08222041,2.0,4.0
अनुच्छेदबाट यस प्रश्नको उत्तर तयार गर्नुहोस्: कर्मचारी संचय कोषले अवकाश कोष सञ्चालन गरेमा त्यस्तो कोषको लागि स्वीकृति लिनुपर्ने छैन ।,नदी अनुच्छेदमा लेखिएको छ कि कर्मचारी संचय कोषले अवकाश कोष सञ्चालन गरेमा त्यस्तो कोषको लागि स्वीकृति लिनुपर्ने छैन । त्यसैले उत्तर हो: छैन ।,आर्थिक-अध्यादेश-२०५९.pdf,"नेपालका संविधान अनुसार, कर्मचारी संचय कोषले अवकाश कोष सञ्चालन गरेमा त्यस्तो कोषको लागि स्वीकृति लिनुपर्ने छैन, किनभनी संविधान २०७२ का ३२अम अनुच्छेद अनुसार, ""संविधान सभा द्वारा निर्धारित केलेला कर्मचारी संचय कोष, अवकाश कोष, विश","जस्तो अनुच्छेदमा लेखिएको छ, ""कर्मचारी संचय कोषले अवकाश कोष सञ्चालन गरेमा त्यस्तो कोषको लागि स्वीकृति लिनुपर्ने छैन ।"" यस अनुच्छेदले स्पष्ट गर्दछ कि कर्मचारी संचय कोषले अवकाश कोष सञ्चालन गर्ने व्यावहारिक परिस्थितिहरू हुन्छन्,",0.0,0.0,0.5002654162798621,0.5628891279848879,0.459531,0.43579477,3.0,3.0
What is the responsibility of the creditor if the debtor fails to carry out necessary expenses and functions for a trust other than a Murda trust?,"The creditor is responsible for incurring necessary expenses himself or herself and carrying out such functions and repairs as he or she may carry out on his or her own, and for other functions and repairs, do so through the debtor or any of his or her relatives.",Muluki-Ain-General-Code-en.pdf,I am unable to verify the specific responsibility of the creditor if the debtor fails to carry out necessary expenses and functions for a trust other than a Murda trust.,"The creditor is responsible for carrying out the necessary expenses and functions for the trust, and if they fail to do so, the creditor shall be liable to the trust for the expenses and functions so not carried out. [Source: Muluki-Ain-General-Code-en.pdf]",0.2051282051282051,0.2978723404255319,0.46158392306223606,0.6971754051361001,0.59983015,0.73050505,1.0,1.0
What was the main focus of the government's first voluntary national review submitted to the High-Level Political Forum (HLPF) in June 2017?,The government's first voluntary national review submitted in June 2017 emphasized gearing up for progress as per the commitments to the 2030 Agenda.,National-Review-of-Sustainable-Developme-1684554160_15.pdf,I am unable to verify the main focus of the government's first voluntary national review submitted to the High-Level Political Forum (HLPF) in June 2017.,"The main focus of the government's first voluntary national review submitted to the High-Level Political Forum (HLPF) in June 2017 was the 2030 Agenda for Sustainable Development, specifically the 16 Goals of the Agenda. [Source: National-Review-of-Sustainable-Developme-1684554160_15.pdf]",0.4313725490196078,0.43478260869565216,0.6842998274659793,0.43576473852679903,0.57364166,0.75720805,2.0,3.0
What are the districts in Nepal that have the lowest HDI values according to the data from 2011?,"Bajura, Bajhang, Kalikot, Humla, and Achham have the lowest HDI values for 2011.",Nepal-Human-Development-Report-2014-1684513874_79.pdf,"I'm unable to provide the specific districts in Nepal with the lowest HDI (Human Development Index) values from 2011 data. The Human Development Index (HDI) data for Nepal is available from the United Nations Development Programme (UNDP) and the World Bank, but I do not have access to the specific data for 2011.

However, I can suggest some sources where you can find the HDI data for Nepal:

1. The United Nations Development Programme (UNDP) Nepal's Human Development Report 2011: ""Nepal: Human Development Report 2011"" (available in Nepali and English)","The districts with the lowest HDI values are Dolpa (0.394), Mugu (0.395), Humla (0.403), and Sankhuwasabha (0.405). [Source: Nepal-Human-Development-Report-2014-1684513874_79.pdf]",0.1142857142857143,0.18604651162790697,0.11591345863028278,0.313876745733331,0.53093493,0.72191334,1.0,1.0
What happens to a woman's exclusive property (Pewa) if she dies without making a deed?,"Her property goes to the son or daughter living with her if any; if not, it goes to the son or daughter living separately if any; if not, it goes to the husband; if not, it goes to a married daughter; and if none of them exist, it goes to a son's son or unmarried daughter, or if none, to the heir (Hakwala).",Muluki-Ain-General-Code-en.pdf,"According to the Nepalese law, as stated in the Hindu Succession Act, 2017 (Act 18 of 2017), which is applicable to the Hindu women, if a woman dies without making a deed, her exclusive property (Pewa) devolves to her heirs.

Section 35 of the Act states that ""When a Hindu woman dies without a will, her property shall devolve by survivorship upon her husband, children, and other heirs according to the rules of Hindu succession.""

However, if the woman is not married, her exclusive property devolves to her heirs according to the rules of Hindu succession.

","The exclusive property (Pewa) of a woman shall devolve on her husband or children, and if there is no husband or children, it shall devolve on the nearest relatives. [Source: Muluki-Ain-General-Code-en.pdf]",0.17500000000000002,0.14,0.42969141017213386,0.3939794607414247,0.6435025,0.7418375,2.0,2.0
What is the approximate VGF required per kW for Solar with 200 kWh battery storage?,"Approximately NPR 85,000.",Final-Report-on-Study-and-Analysis-of-Op-1684516133_32.pdf,"I am unable to provide a specific value for the Value-Added Tax (VAT) or Goods and Services Tax (VAT) required per kW for solar power with 200 kWh battery storage in Nepal. 

However, I can provide some general information. According to the Nepal Electricity Act, 2017, as amended by the Nepal Electricity Act, 2021, the Value-Added Tax (VAT) is 13% on the sale of solar power systems, including solar panels and inverters. 

The Goods and Services Tax (GST) is 13% on the sale of solar power systems, including solar panels and","The approximate VGF required per kW for Solar with 200 kWh battery storage is NPR 120,000/kW. [Source: Final-Report-on-Study-and-Analysis-of-Op-1684516133_32.pdf]",0.0,0.11764705882352941,0.02606205357480756,0.13135173437318345,-0.03432051,0.19997802,4.0,4.0
What is the percentage of Nepal's flora and fauna that the government is committed to conserving?,"The government is committed to conserving 9.5 per cent of birds, 5.1 per cent of gymnosperms, 8.2 per cent of bryophytes, and 9.5 per cent of the world's known mammals.",National-Review-of-Sustainable-Developme-1684554160_15.pdf,"I am unable to verify the specific percentage of Nepal's flora and fauna that the government is committed to conserving. However, I can tell you that Nepal has made significant efforts to conserve its natural resources and biodiversity.

According to the Government of Nepal's National Biodiversity Policy (2011), the country aims to conserve and manage its natural resources sustainably. The policy emphasizes the importance of protecting Nepal's rich biodiversity, including its flora and fauna, and promoting sustainable use of natural resources.

The government has also established several protected areas, including national parks, wildlife sanctuaries, and conservation areas, which cover around 18% of the",The government is committed to conserving 30% of Nepal's flora and fauna. [Source: Nepals-SDG-Status-and-Roadmap-2016-2030-1684515827_15.pdf],0.1702127659574468,0.2711864406779661,0.19892235316614085,0.4241301445088622,0.46103173,0.45710626,1.0,2.0
What was the growth rate of the wholesale and retail trade; repair of motor vehicles and motorcycles sector in 2021/22 compared to the previous year?,"The growth rate of the wholesale and retail trade; repair of motor vehicles and motorcycles sector in 2021/22 was 17.23%, which is an increase of 10.71% from the previous year.",Nepal-Statistical-Yearbook-2023.pdf,I am unable to verify the growth rate of the wholesale and retail trade; repair of motor vehicles and motorcycles sector in 2021/22 in Nepal.,"The growth rate of the wholesale and retail trade; repair of motor vehicles and motorcycles sector in 2021/22 was 2.2 percent, which is a slight increase from the previous year's growth rate of 2.1 percent. [Source: Economic-Survey-22-23.pdf]",0.6440677966101696,0.6923076923076923,0.694894236930444,0.680905965900346,0.76220936,0.9140464,2.0,5.0
What methods were used to collect primary data for this study on the impact of COVID-19 on Nepalese migrant workers?,Primary data was collected from two sources: Diplomatic Missions via the Ministry of Foreign Affairs (MoFA) through a questionnaire and from returnee migrant workers who participated in an opinion survey of 1000 pre-pandemic migrant returnee workers.,THE-EFFECTS-OF-COVID-19-PANDEMIC-ON-FORE-1684556068_18.pdf,"I'm not aware of a specific study on the impact of COVID-19 on Nepalese migrant workers. However, I can provide general information on the methods commonly used to collect primary data in social science research, particularly in the context of migrant workers.

In general, researchers often use a combination of qualitative and quantitative methods to collect primary data. Some common methods used to collect primary data in this context include:

1. Surveys: Researchers may conduct surveys among migrant workers to gather information on their experiences, perceptions, and challenges related to the pandemic.
2. Interviews: In-depth interviews with migrant workers, as well as with employers, policymakers","The primary data for this study was collected through a combination of methods, including in-depth interviews with returnee migrant workers, key informants, and a survey of returnee migrant workers conducted in mid-March 2020. [Source: THE-EFFECTS-OF-COVID-19-PANDEMIC-ON-FORE-1684556068_18.pdf]",0.15172413793103448,0.30952380952380953,0.29233022039912343,0.6092507207036904,0.5469999,0.735268,4.0,4.0
What are the targeted activities to reduce inequality in Nepal?,"The targeted activities to reduce inequality in Nepal include income generation activities, support for micro enterprises, and many other affirmative actions, which are to be successively strengthened and expanded in the coming years.",National-Review-of-Sustainable-Developme-1684554160_15.pdf,"According to the Constitution of Nepal (2015) and various government reports, the following targeted activities have been implemented to reduce inequality in Nepal:

1. **Social Inclusion and Empowerment of Marginalized Groups**: The Constitution of Nepal (2015) recognizes the rights of marginalized groups, including Dalits, Janajatis, Madigans, and indigenous peoples. The government has implemented policies to promote social inclusion and empowerment of these groups, such as the Social Inclusion and Empowerment of Marginalized Groups Act, 2017 (Act 18 of 2017) [1].
2. **Education and Economic","The targeted activities to reduce inequality in Nepal include increasing access to basic services such as health, education, and social protection, promoting social cohesion, and reducing poverty and inequality through sustainable development. [Source: National-Review-of-Sustainable-Developme-1684554160_15.pdf]",0.2051282051282051,0.2972972972972973,0.3468596697445091,0.6085486316242066,0.75079465,0.80407894,1.0,4.0
यातायात सेवाको मालसामाि शजभमा लगाउने के कारणले गरिन्छ ?,"यातायात सेवाको मालसामाि शजभमा लगाउने कारणले गरिन्छ तपाईँको यातायात सेवाको राम्रो परिचालन गर्न, यात्राहरूलाई सुरक्षित र सहज यात्रा गराउनु र यात्रुहरूको विश्वास प्राप्त गर्नु हो ।",6.-सवारी-तथा-यातायात-व्यवस्था-नियमावली-२०५४.pdf,"नेपालको यातायात सेवा शजभमा लगाउने के कारणले गरिन्छ, त्याचा विस्तार निम्नलिखित कारणहरू हो:

1. **राष्ट्रीय सुरक्षा**: यातायात सेवा शजभमा लगाउने के कारण नेपालको राष्ट्रीय सुरक्षा बढ्याएको हो। यातायात सेवा शजभमा लगाउने के कारण, नेप",यातायात सेवाको मालसामाि शजभमा लगाउने कारणले गरिन्छ कि यातायात सेवाको मालसामाि शजभमा लगाउने कारणले गरिन्छ कि यातायात सेवाको मालसामाि शजभमा लगाउने कारणले गरिन्छ कि यातायात सेवाको मालसामाि शजभमा लगाउने कारणले गरिन्छ कि,0.0,0.0,0.5594704528144944,0.5271172931428793,0.39063,0.61764157,1.0,2.0
"If a civil employee takes advance sick leave due to a serious disease, can they receive their full salary during this period?","Yes, the civil employee taking such advance leave shall be entitled to full salary, as per sub-rule (9) of the passage.",Good-Governance-Act-2050-en.pdf,"According to the Labour Act of Nepal (2017), which is the primary legislation governing employment in Nepal, employees who are sick and unable to work can be granted advance sick leave (Section 43 of the Act).

However, the Labour Act does not explicitly state that an employee can receive their full salary during the period of advance sick leave. In fact, the Act states that the employer can pay the employee's salary at the rate of half of the basic salary during the period of sick leave (Section 43(2) of the Act).

The Labour Act also provides that the employer can pay the employee's salary at the rate of half","Yes, a civil employee who takes advance sick leave due to a serious disease shall be entitled to receive their salary and allowance as if they were on regular service, and the salary and allowance shall be paid to them in advance. [Source: Civil-Service-Rules-2050-en.pdf]",0.1037037037037037,0.3380281690140845,0.17000197925416588,0.38090905511686624,0.5263292,0.70726573,2.0,3.0
What is the punishment for committing burglary under the given legal document?,"According to the document, if a person commits burglary, they shall be punished with an additional half (Fifty percent) of the punishment as referred to in Number 12 of this Chapter.",Muluki-Ain-General-Code-en.pdf,"I need more information about the specific legal document you are referring to. Could you please provide the name of the document or the exact section you are interested in? 

However, I can provide general information on the punishment for burglary under the Nepalese Penal Code, 2017.

According to Section 394 of the Nepalese Penal Code, 2017, burglary is defined as the unauthorized entry into a house or other building with the intention of committing an offense. The punishment for burglary can vary depending on the circumstances of the case.

Section 394(1) states that whoever intentionally enters a house or other building with the intention",The person who commits burglary shall be liable to the punishment of imprisonment for a term of Two years. [Source: Muluki-Ain-General-Code-en.pdf],0.13138686131386862,0.3157894736842105,0.25414442568255974,0.5422609250933493,0.5657588,0.7653239,1.0,2.0
"What should be done with posts that have been requisitioned for fulfillment, and the requisition form has been submitted?",Such posts shall not be fulfilled by making transfer thereto.,Civil-Service-Rules-2050-en.pdf,"According to the Constitution of Nepal 2017, Article 38, which deals with the requisition of goods and services, and the Public Service Act 1961, Section 24, which deals with the requisition of goods and services by the government, when a requisition form has been submitted, the posts should be utilized for the intended purpose.

In the context of requisitioning goods and services, the government is allowed to requisition goods and services for the purpose of public service, and the requisitioned goods and services should be utilized for the intended purpose.

However, the requisitioned goods and services should be returned to","The post shall be filled up by the concerned employee, and the concerned employee shall submit a report to the concerned office within seven days, stating the reason for not filling up the post, and the post shall be filled up by the concerned employee. [Source: Civil-Service-Rules-2050-en.pdf]",0.03636363636363636,0.12903225806451613,0.079241700438424,0.1684158185208639,0.24802297,0.37271756,1.0,2.0
What is the procedure if a civil employee makes an application stating that the leave they took is not necessary for them?,"If any civil employee makes an application stating that the leave taken by them is not necessary, the official empowered to sanction the leave may cancel such a leave and permit them to attend the office.",Good-Governance-Act-2050-en.pdf,"I'm not aware of the specific procedure for handling such a situation in Nepal. I can provide general information on the leave policies in Nepal, but I would recommend consulting the relevant government departments or the Ministry of Federal Government Affairs for the most accurate and up-to-date information.

However, I can provide some general information on the leave policies in Nepal. According to the Ministry of Federal Government Affairs, the leave policies in Nepal are governed by the following laws and regulations:

* The Civil Service Act, 2015 (Act 18 of 2015) regulates the leave policies for civil servants in Nepal.
* The Leave Rules and Regulations for Civil",The office shall not approve the leave if the employee makes an application stating that the leave they took is not necessary for them. [Source: Good-Governance-Act-2050-en.pdf],0.12328767123287672,0.3880597014925373,0.26650147604826363,0.6480125727423305,0.4588868,0.83881426,2.0,2.0
"According to the policy, what is the responsibility of the entrepreneur in ensuring compliance with health protocols among their workers?",The entrepreneur in concern will have to personally monitor whether the workers in his business have complied with the prescribed protocol and report back regularly to the concerned administrative body.,THE-EFFECTS-OF-COVID-19-PANDEMIC-ON-FORE-1684556068_18.pdf,I am unable to verify the specific policy regarding the responsibility of entrepreneurs in ensuring compliance with health protocols among their workers in Nepal.,"The entrepreneur is responsible for ensuring that their workers comply with the health protocols, as per the policy. [Source: Good-Governance-Act-2050-en.pdf]",0.14814814814814814,0.2181818181818182,0.5944082423789033,0.5531641458680537,0.4934081,0.5772547,1.0,1.0
What are the sources of data used in the study to understand the impacts of COVID-19 on Nepali migrant labour?,"The sources of data used in the study include the Central Bureau of Statistics (CBS) survey on returnee migrants and absentee population (2017/18), Department of Immigration data on departures and arrivals of Nepalese at the Tribhuvan International Airport, Nepal Rastra Bank's compilation of macroeconomic data, particularly remittance data, and data compiled by non-Government sources such as the Non-Resident Nepalese Association (NRNA), Nepal Association of Foreign Employment Agencies, association of NGOs, and CSOs.",THE-EFFECTS-OF-COVID-19-PANDEMIC-ON-FORE-1684556068_18.pdf,"The impacts of COVID-19 on Nepali migrant labour can be studied using various sources of data. Some of the key sources of data include:

1. **National Bureau of Statistics (NBS) of Nepal**: The NBS has published reports on the impact of COVID-19 on the migrant labour sector in Nepal. For example, the NBS has released data on the number of migrant workers who have returned to Nepal from abroad, as well as the number of migrant workers who have been affected by the pandemic (Source: National Bureau of Statistics, 2020).
2. **International Labour Organization (ILO)**: The ILO","The study uses a combination of primary and secondary data sources, including the National Statistical Office of Nepal, International Labour Organization, Nepal Rastra Bank, Nepal Rastra Bank, and various government agencies, as well as reports from the Ministry of Foreign Affairs, Ministry of Labour, Employment and Social Security, and the Ministry of Agriculture and Livestock Development. [Source: THE-EFFECTS-OF-COVID-19-PANDEMIC-ON-FORE-1684556068_18.pdf]",0.2171428571428571,0.2638888888888889,0.661133669127795,0.6324145278742191,0.68445086,0.7705357,2.0,2.0
"According to the passage, what is the period of time for which the annual work performance evaluation form is filled?","The annual work performance evaluation form is filled based on the work carried out from the 1st day of the month of Shrawan to the last day of the month of Ashadh, which falls between July 15 to July 14.",Good-Governance-Act-2050-en.pdf,I don't have any information about the passage you are referring to. Could you please provide the passage or more context about the annual work performance evaluation form in Nepal? I'll be happy to help you with the information.,"The annual work performance evaluation form is filled for the period of the year, as per the passage. [Source: Civil-Service-Rules-2050-en.pdf]",0.19753086419753088,0.3692307692307692,0.5841932023688882,0.4459280219408919,0.5353792,0.7204793,1.0,2.0
"According to the National Framework for Leave No One Behind, what is the average literacy rate of the Chhetri community?",The average literacy rate of the Chhetri community is 80.6%.,National-Framework-For-Leave-No-One-Behi-LNOB-UPDATED-REPORT-Sept-3-2023-updated.pdf,I am unable to verify the average literacy rate of the Chhetri community in Nepal according to the National Framework for Leave No One Behind.,The average literacy rate of the Chhetri community is 95.6 percent. [Source: National-Framework-For-Leave-No-One-Behi-1684516042_10.pdf],0.4444444444444444,0.5882352941176471,0.3638054564583058,0.42040803915955055,0.5695592,0.7652688,2.0,3.0
